product,BoM Type,BoM Lines/Component,BoM Lines/Quantity
HLY16MTD50BASH,Kit,DLMMTS500113,5
HLY16MTD50BASH,Kit,DLMMTS500113,5
HLY16MTD50BASH,Kit,DLMMTS500113,5
HLY16MTD50BRI,Kit,DLMMTS500108,5
HLY16MTD50BRI,Kit,DLMMTS500108,5
HLY16MTD50BRI,Kit,DLMMTS500108,5
HLY16MTD50DCY,Kit,DLMMTS500114,5
HLY16MTD50DCY,Kit,DLMMTS500114,5
HLY16MTD50DCY,Kit,DLMMTS500114,5
HLY16MTD50NACT,Kit,DLMMTS500115,5
HLY16MTD50NACT,Kit,DLMMTS500115,5
HLY16MTD50NACT,Kit,DLMMTS500115,5
HLY16MTD50SYKI,Kit,DLMMTS500109,5
HLY16MTD50SYKI,Kit,DLMMTS500109,5
HLY16MTD50SYKI,Kit,DLMMTS500109,5
HLY16MTD50SNPH,Kit,DLMMTS500110,5
HLY16MTD50SNPH,Kit,DLMMTS500110,5
HLY16MTD50SNPH,Kit,DLMMTS500110,5
HLY16MTD50WNIE,Kit,DLMMTS500111,5
HLY16MTD50WNIE,Kit,DLMMTS500111,5
HLY16MTD50WNIE,Kit,DLMMTS500111,5
HLY16MTD50WRMT,Kit,DLMMTS500112,5
HLY16MTD50WRMT,Kit,DLMMTS500112,5
HLY16MTD50WRMT,Kit,DLMMTS500112,5
HLY16MTD50BACE,Kit,DLMMTS500107,5
HLY16MTD50BACE,Kit,DLMMTS500107,5
HLY16MTD50BACE,Kit,DLMMTS500107,5
HLY18MPD50BBS,Kit,DLMMO500201,5
HLY18MPD50BBS,Kit,DLMMO500201,5
HLY18MPD50BBS,Kit,DLMMO500201,5
HLY18MPD50TLPH,Kit,DLMMO500202,5
HLY18MPD50TLPH,Kit,DLMMO500202,5
HLY18MPD50TLPH,Kit,DLMMO500202,5
HLY18MPD50PH,Kit,DLMMO500203,5
HLY18MPD50PH,Kit,DLMMO500203,5
HLY18MPD50PH,Kit,DLMMO500203,5
HLY18MPD50PEIE,Kit,DLMMO500204,5
HLY18MPD50PEIE,Kit,DLMMO500204,5
HLY18MPD50PEIE,Kit,DLMMO500204,5
HLY18MPD50BRI,Kit,DLMMO500205,5
HLY18MPD50BRI,Kit,DLMMO500205,5
HLY18MPD50BRI,Kit,DLMMO500205,5
HLY18MPD50LEGT,Kit,DLMMO500206,5
HLY18MPD50LEGT,Kit,DLMMO500206,5
HLY18MPD50LEGT,Kit,DLMMO500206,5
HLY18MPD50DNDK,Kit,DLMMO500207,5
HLY18MPD50DNDK,Kit,DLMMO500207,5
HLY18MPD50DNDK,Kit,DLMMO500207,5
HLY18MPD50RWST,Kit,DLMMO500208,5
HLY18MPD50RWST,Kit,DLMMO500208,5
HLY18MPD50RWST,Kit,DLMMO500208,5
HLY18MPD50RTPE,Kit,DLMMO500209,5
HLY18MPD50RTPE,Kit,DLMMO500209,5
HLY18MPD50RTPE,Kit,DLMMO500209,5
HLY18MPD50WNIE,Kit,DLMMO500210,5
HLY18MPD50WNIE,Kit,DLMMO500210,5
HLY18MPD50WNIE,Kit,DLMMO500210,5
HLY18MPD50MOTT,Kit,DLMMO500211,5
HLY18MPD50MOTT,Kit,DLMMO500211,5
HLY18MPD50MOTT,Kit,DLMMO500211,5
HLY18MPD50MIMT,Kit,DLMMO500212,5
HLY18MPD50MIMT,Kit,DLMMO500212,5
HLY18MPD50MIMT,Kit,DLMMO500212,5
HLY18MPD50SAI,Kit,DLMMO500213,5
HLY18MPD50SAI,Kit,DLMMO500213,5
HLY18MPD50SAI,Kit,DLMMO500213,5
HLY18MPD50SYIE,Kit,DLMMO500214,5
HLY18MPD50SYIE,Kit,DLMMO500214,5
HLY18MPD50SYIE,Kit,DLMMO500214,5
HLY18MPD50WSP,Kit,DLMMO500215,5
HLY18MPD50WSP,Kit,DLMMO500215,5
HLY18MPD50WSP,Kit,DLMMO500215,5
HLY16MTD50BRD,Kit,DLMMTS500116,5
HLY16MTD50BRD,Kit,DLMMTS500116,5
HLY16MTD50BRD,Kit,DLMMTS500116,5
HLY16MTD50GEAE,Kit,DLMMTS500117,5
HLY16MTD50GEAE,Kit,DLMMTS500117,5
HLY16MTD50GEAE,Kit,DLMMTS500117,5
HLY16MTD50GTBS,Kit,DLMMTS500118,5
HLY16MTD50GTBS,Kit,DLMMTS500118,5
HLY16MTD50GTBS,Kit,DLMMTS500118,5
HLY16MTD50P,Kit,DLMMTS500119,5
HLY16MTD50P,Kit,DLMMTS500119,5
HLY16MTD50P,Kit,DLMMTS500119,5
HLY16MTD50RTPE,Kit,DLMMTS500120,5
HLY16MTD50RTPE,Kit,DLMMTS500120,5
HLY16MTD50RTPE,Kit,DLMMTS500120,5
HLY18MPSLED50OP,Kit,DLMMO500216,5
HLY18MPSLED50OP,Kit,DLMMO500216,5
HLY18MPSLED50PT,Kit,DLMMO500218,5
HLY18MPSLED50PT,Kit,DLMMO500218,5
HLY18MPSLED50PA,Kit,DLMMO500219,5
HLY18MPSLED50PA,Kit,DLMMO500219,5
HLY18MPSLED50PR,Kit,DLMMO500217,5
HLY18MPSLED50PR,Kit,DLMMO500217,5
HLY18MPSLED50SY,Kit,DLMMO500220,5
HLY18MPSLED50SY,Kit,DLMMO500220,5
